-- Import Suppliers from CSV
-- suppliers-export-2026-03-19_10-09-32.csv

DELETE FROM gerencia_fornecedores;

INSERT INTO gerencia_fornecedores (id, nome, cnpj, ativo, created_at, updated_at) VALUES
('107065fa-5a7d-4e1f-845b-d4a22aa10b15', '62.014.384 YASMIN SILVA FERNANDES', '62.014.384/0001-59', true, '2025-12-26 16:05:42.641462+00', NOW()),
('0ceb498d-6c0b-4415-bb6f-fa9117f129fa', 'ADMINISTRA SAUDE GESTAO HOSPITALAR LTDA', '61.037.876/0001-05', true, '2025-12-26 16:05:42.641462+00', NOW()),
('66e831c5-fc4a-4abf-994d-d9f16855826c', 'ALFA E OMEGA CONTABILIDADE E ASSESSORIA LTDA', '48.690.243/0001-25', true, '2025-12-26 16:05:42.641462+00', NOW()),
('0c6ffd52-17f6-4809-9ffb-20bb468b6168', 'Ambientec Soluções em Resíduos Ltda - EPP', '11.399.773/0001-09', true, '2025-12-26 16:05:42.641462+00', NOW()),
('e19f616f-04ed-44cd-839e-1d66dd278a72', 'APPOLUS TECNOLOGIA LTDA', '08.109.994/0001-90', true, '2025-12-26 16:05:42.641462+00', NOW()),
('f49d521b-0b30-4afd-99ef-e3e6d3e79298', 'ARTHUR BERNARDES DE MOURA', '27.450.826/0001-09', true, '2025-12-26 16:05:42.641462+00', NOW()),
('f13daf06-35e5-4dcb-81a9-6961ca78293d', 'CENTRAL ETO DE ESTERILIZACAO LTDA', '08.090.765/0001-71', true, '2025-12-26 16:05:42.641462+00', NOW()),
('7b3b3bb5-b55d-46b1-bfb2-9f38c02c32f1', 'CENTRAL LIT LAVANDERIA COMERCIAL LTDA', '11.537.119/0001-14', true, '2025-12-26 16:05:42.641462+00', NOW()),
('7d38553b-9eb7-4d61-8ff6-f83586870b5c', 'CENTRO MEDICO M M LTDA', '16.701.876/0001-03', true, '2025-12-26 16:05:42.641462+00', NOW()),
('bc952749-a197-43a9-8e55-89bcca9664a9', 'CHX - MANUTENCAO E COMERCIO LTDA', '00.538.376/0001-54', true, '2025-12-26 16:05:42.641462+00', NOW()),
('b8f92a15-0a80-4cf4-8200-33fc8d2ed03b', 'FACILITA TELECOM LTDA-ME', '13.045.960/0001-10', true, '2025-12-26 16:05:42.641462+00', NOW()),
('61892cf7-c7e4-47ba-bbd9-162890f80c6c', 'LD MÁQUINAS COMERCIO E SERVICOS LTDA', '23.193.706/0001-12', true, '2025-12-26 16:05:42.641462+00', NOW()),
('9ffc65df-5651-4bc7-a7ef-404800da22a8', 'MASTER CLEAN HIGIENIZACAO PROFISSIONAL LTDA', '19.297.020/0001-02', true, '2025-12-26 16:05:42.641462+00', NOW()),
('130a4f82-2908-460e-b696-ab93405b2ade', 'MGN SERVICOS ADMINISTRATIVOS LTDA', '41.395.186/0001-02', true, '2025-12-26 16:05:42.641462+00', NOW()),
('c9b7f9f3-f4ef-4794-bd7b-5aa749823540', 'MR SOLUCOES E SAUDE SOCIEDADE SIMPLES UNIPESSOAL LTDA', '16.984.896/0001-20', true, '2025-12-26 16:05:42.641462+00', NOW()),
('a3c415a0-02c3-4815-ad5f-b45da45ab5da', 'PRINT SERVICES INFORMATICA LTDA', '35.103.163/0001-84', true, '2025-12-26 16:05:42.641462+00', NOW()),
('e06c0235-66b9-448b-890c-db5241286fa4', 'RM DIAGNOSTICOS NOVA SERRANA', '30.903.399/0001-81', true, '2025-12-26 16:05:42.641462+00', NOW()),
('6e36b7a6-7597-4dff-89ea-9622ad22e24c', 'SIMA GESTÃO DA INFORMAÇÃO, MEMÓRIA E ARQUIVO LTDA', '13.843.472/0001-58', true, '2025-12-26 16:05:42.641462+00', NOW()),
('f2ff5c2d-547a-43ef-88f1-7380d7c9f980', 'SOUL FACILITIES LTDA', '48.052.632/0001-25', true, '2025-12-26 16:05:42.641462+00', NOW()),
('3fb9a7db-0ae6-4ace-b557-d555dad0f27a', 'NOVA AR LTDA', '28.941.859/0001-14', true, '2025-12-26 16:51:01.331859+00', NOW()),
('c0993628-dd77-454e-815b-9e8321e5d162', 'COPASA', '17.281.106/0001-03', true, '2025-12-26 16:51:01.331859+00', NOW()),
('d508603a-4d8d-45cc-a16e-89a8949905f7', 'DDA DEDETIZADORES ASSOCIADOS', '18.839.280/0001-91', true, '2025-12-26 16:51:01.331859+00', NOW()),
('654ad827-0ce9-4475-9933-cd472fc8a2a1', 'FACILITAETC CONSULTORIA EM GESTÃO', '32.316.873/0001-02', true, '2025-12-26 16:51:01.331859+00', NOW()),
('f14970e1-0707-4421-b52c-dd6d29bdad7a', 'RAFAMED HOSPITALAR', '14.426.885/0001-98', true, '2025-12-26 16:51:01.331859+00', NOW()),
('6967f5d2-31a2-4b7c-9107-5a73dc6ce4a6', 'REPROMAQ COMERCIO E SERVIÇOS', '22.527.311/0001-46', true, '2025-12-26 16:51:01.331859+00', NOW()),
('8d65b812-5aa7-46de-b67c-40c69dfc3354', 'CENTRO MEDICO - DIAGNOSTICOS POR IMAGEM', '13.306.929/0001-95', true, '2025-12-26 16:51:01.331859+00', NOW()),
('ab44bed6-0226-47ab-a39b-b67b03b539d5', 'SD GERADORES', '38.924.034/0001-45', true, '2025-12-26 16:51:01.331859+00', NOW()),
('49b8c1d3-bf6d-45e9-bb6e-a7d33cca3c91', 'LABORATORIO VILLAC', '49.170.480/0001-28', true, '2025-12-26 16:51:01.331859+00', NOW()),
('bfe11a98-1aa8-4239-bded-e251772625a7', 'PRO-RAD CONSULTORES EM RADIOPROTECAO S/S LTDA', '87.389.086/0001-74', true, '2025-12-30 13:41:33.091775+00', NOW()),
('e59bb887-03ad-46f2-92d5-2c6cfdfd055b', 'DFE SOLUCOES ADMINISTRATIVAS LTDA', '62.986.996/0001-03', true, '2026-01-08 11:06:00.693663+00', NOW()),
('3fc2365c-ece5-4b3d-9288-b59af8fe63e6', 'SARDICESE SERVICOS MEDICOS LTDA', '29.318.935/0001-00', true, '2026-01-12 19:18:17.340112+00', NOW()),
('4beb06c1-93fb-40e7-9381-32e5fdb200c9', 'DNV BUSINESS ASSURANCE AVALIAÇÕES E CERTIFICAÇÕES BRASIL LTDA', '00.603.542/0002-30', false, '2025-12-30 19:42:35.864918+00', NOW()),
('baaada2e-9d90-4dd7-aaa9-8e023e48bfa6', 'INTERACAO GESTAO EM SAUDE LTDA', '33.260.277/0001-02', false, '2025-12-26 16:05:42.641462+00', NOW()),
('3dd08c09-9b8e-47a8-85e7-07d2abe43926', 'VALDECIR ALVES DE AMORIM-DALLAS CHURRASCARIA', '42.465.598/0001-34', false, '2025-12-26 16:05:42.641462+00', NOW()),
('e3ac651b-1d10-4586-bd17-8359a6577182', 'WHITE MARTINS', '35.820.448/0137-00', false, '2025-12-26 16:05:42.641462+00', NOW()),
('dc71b337-39f6-42b6-a317-23beadd7e681', 'QUALIDADEMAIS – L A FIGUEIROA TREINAMENTO E DESENVOLVIMENTO LTDA', '22.869.475/0001-51', false, '2025-12-26 16:05:42.641462+00', NOW()),
('3d957805-7477-4e1a-a805-0cf3f4122c29', 'RODOLFO CORDEIRO DE CASTRO (CORDEIRO RESTAURANTE)', '46.346.851/0001-91', true, '2026-01-14 17:56:52.199482+00', NOW()),
('cc1c0e37-b2f6-4de5-81ea-3b2c03a29522', 'AIR LIQUIDE BRASIL LTDA', '00.331.788/0031-34', true, '2026-01-30 11:37:01.383066+00', NOW()),
('230738fa-0ebb-4871-bac6-b0e1e2cf5dde', 'GAMA CAMP', '03.952.213/0002-92', true, '2026-01-30 17:07:21.103223+00', NOW()),
('38017909-704c-4566-af69-1235c21bb7b8', 'INOVARE SERVIÇOS EM SAUDE', '51.379.671/0001-46', false, '2025-12-26 16:51:01.331859+00', NOW());

-- Import Invoices
-- invoices-export-2026-03-19_10-09-53.csv

DELETE FROM gerencia_notas_fiscais;

INSERT INTO gerencia_notas_fiscais (id, fornecedor_id, fornecedor_nome, cnpj, competencia, numero_nf, data_recebimento, status, data_envio, status_pagamento, valor_nota, ano, created_at, updated_at) VALUES
('dd3cdaac-3a23-4fce-9fa4-2576bd42e45f', 'f49d521b-0b30-4afd-99ef-e3e6d3e79298', 'ARTHUR BERNARDES DE MOURA', '27.450.826/0001-09', 'NOVEMBRO', '36', '2025-12-02', 'LANÇADO', NULL, 'PAGA TOTALMENTE', 3000.00, 2025, '2025-12-26 16:52:19.817187+00', '2025-12-26 16:52:19.817187+00'),
('cfcff393-7932-406e-8986-d4e0ba9d057a', 'c0993628-dd77-454e-815b-9e8321e5d162', 'COPASA', '17.281.106/0001-03', 'NOVEMBRO', '70148', '2025-12-08', 'LANÇADO', NULL, 'PAGA TOTALMENTE', 13732.63, 2025, '2025-12-26 16:52:19.817187+00', '2025-12-26 16:52:19.817187+00'),
('e71e1f19-ac14-4f5c-a93a-39ff27d9248c', 'f13daf06-35e5-4dcb-81a9-6961ca78293d', 'CENTRAL ETO DE ESTERILIZACAO LTDA', '08.090.765/0001-71', 'NOVEMBRO', '41', '2025-12-06', 'LANÇADO', NULL, 'PAGA TOTALMENTE', 13648.61, 2025, '2025-12-26 16:52:19.817187+00', '2025-12-26 16:52:19.817187+00'),
('1c542075-244d-4fb6-afc0-8f681292d907', '7b3b3bb5-b55d-46b1-bfb2-9f38c02c32f1', 'CENTRAL LIT LAVANDERIA COMERCIAL LTDA', '11.537.119/0001-14', 'NOVEMBRO', '317', '2025-12-02', 'LANÇADO', NULL, 'PAGA TOTALMENTE', 13347.62, 2025, '2025-12-26 16:52:19.817187+00', '2025-12-26 16:52:19.817187+00'),
('644128bf-aa66-4512-a84d-6f2262780270', '7b3b3bb5-b55d-46b1-bfb2-9f38c02c32f1', 'CENTRAL LIT LAVANDERIA COMERCIAL LTDA', '11.537.119/0001-14', 'NOVEMBRO', '5268', '2025-12-02', 'LANÇADO', NULL, 'PAGA TOTALMENTE', 2969.12, 2025, '2025-12-26 16:52:19.817187+00', '2025-12-26 16:52:19.817187+00'),
('c33fc49c-b117-4c1c-b45b-3723836756b6', '7d38553b-9eb7-4d61-8ff6-f83586870b5c', 'CENTRO MEDICO M M LTDA', '16.701.876/0001-03', 'NOVEMBRO', '753-1', '2025-12-07', 'LANÇADO', NULL, 'PAGA TOTALMENTE', 15000.00, 2025, '2025-12-26 16:52:19.817187+00', '2025-12-26 16:52:19.817187+00'),
('45f69030-d713-4e86-98b9-9ac93f074fe2', 'd508603a-4d8d-45cc-a16e-89a8949905f7', 'DDA DEDETIZADORES ASSOCIADOS', '18.839.280/0001-91', 'NOVEMBRO', '182', '2025-12-07', 'LANÇADO', NULL, 'PAGA TOTALMENTE', 580.00, 2025, '2025-12-26 16:52:19.817187+00', '2025-12-26 16:52:19.817187+00'),
('f17bcbac-14f5-48b9-8c96-f632d8ea696d', 'd508603a-4d8d-45cc-a16e-89a8949905f7', 'DDA DEDETIZADORES ASSOCIADOS', '18.839.280/0001-91', 'NOVEMBRO', '149', '2025-12-16', 'LANÇADO', NULL, 'PAGA TOTALMENTE', 780.00, 2025, '2025-12-26 16:52:19.817187+00', '2025-12-26 16:52:19.817187+00'),
('6924a405-6959-4147-aea1-43c021c9ceaf', 'b8f92a15-0a80-4cf4-8200-33fc8d2ed03b', 'FACILITA TELECOM LTDA-ME', '13.045.960/0001-10', 'NOVEMBRO', '25.015', '2025-11-30', 'LANÇADO', NULL, 'PAGA TOTALMENTE', 656.95, 2025, '2025-12-26 16:52:19.817187+00', '2025-12-26 16:52:19.817187+00'),
('a2fb44f6-4008-4330-8f4b-bb53403d2957', '654ad827-0ce9-4475-9933-cd472fc8a2a1', 'FACILITAETC CONSULTORIA EM GESTÃO', '32.316.873/0001-02', 'NOVEMBRO', '63', '2025-11-26', 'LANÇADO', NULL, 'PAGA TOTALMENTE', 7000.00, 2025, '2025-12-26 16:52:19.817187+00', '2025-12-26 16:52:19.817187+00'),
('411a8296-fab2-41ae-abce-ba5df43749e7', 'baaada2e-9d90-4dd7-aaa9-8e023e48bfa6', 'INTERACAO GESTAO EM SAUDE LTDA', '33.260.277/0001-02', 'NOVEMBRO', '10', '2025-12-07', 'LANÇADO', NULL, 'PAGA TOTALMENTE', 738526.97, 2025, '2025-12-26 16:52:19.817187+00', '2025-12-26 16:52:19.817187+00'),
('77ee1dbb-87a8-4a07-b82c-c9a531937e0a', '38017909-704c-4566-af69-1235c21bb7b8', 'INOVARE SERVIÇOS EM SAUDE', '51.379.671/0001-46', 'NOVEMBRO', '42', '2025-11-26', 'LANÇADO', NULL, 'PAGA TOTALMENTE', 7000.00, 2025, '2025-12-26 16:52:19.817187+00', '2025-12-26 16:52:19.817187+00'),
('49a8f214-6a3e-4ca2-ac78-918e7b843d01', 'a3c415a0-02c3-4815-ad5f-b45da45ab5da', 'PRINT SERVICES INFORMATICA LTDA', '35.103.163/0001-84', 'NOVEMBRO', '7599', '2025-12-06', 'LANÇADO', NULL, 'PAGA TOTALMENTE', 4850.00, 2025, '2025-12-26 16:52:19.817187+00', '2025-12-26 16:52:19.817187+00'),
('893994b8-80cc-4825-ab11-f945696a1f30', '0ceb498d-6c0b-4415-bb6f-fa9117f129fa', 'ADMINISTRA SAUDE GESTAO HOSPITALAR LTDA', '61.037.876/0001-05', 'NOVEMBRO', '12-1', '2025-12-01', 'LANÇADO', NULL, 'PAGA TOTALMENTE', 13000.00, 2025, '2025-12-26 16:52:19.817187+00', '2025-12-26 16:52:19.817187+00'),
('572b06e9-95d8-4963-9a67-e1b69747b4dc', 'f14970e1-0707-4421-b52c-dd6d29bdad7a', 'RAFAMED HOSPITALAR', '14.426.885/0001-98', 'NOVEMBRO', '2', '2025-11-29', 'LANÇADO', NULL, 'PAGA TOTALMENTE', 7290.00, 2025, '2025-12-26 16:52:19.817187+00', '2025-12-26 16:52:19.817187+00'),
('7833e765-8f25-4522-93f7-98a7fd69338f', 'e06c0235-66b9-448b-890c-db5241286fa4', 'RM DIAGNOSTICOS NOVA SERRANA', '30.903.399/0001-81', 'NOVEMBRO', '6291-1', '2025-12-07', 'LANÇADO', NULL, 'PAGA TOTALMENTE', 630.00, 2025, '2025-12-26 16:52:19.817187+00', '2025-12-26 16:52:19.817187+00'),
('dad3718a-ea52-41d2-9c92-4f6d1a8cf666', '8d65b812-5aa7-46de-b67c-40c69dfc3354', 'CENTRO MEDICO - DIAGNOSTICOS POR IMAGEM', '13.306.929/0001-95', 'NOVEMBRO', '8875', '2025-12-10', 'LANÇADO', NULL, 'PAGA TOTALMENTE', 240.00, 2025, '2025-12-26 16:52:19.817187+00', '2025-12-26 16:52:19.817187+00'),
('df786dd0-b775-4751-bf4c-dc138baa52b1', 'f2ff5c2d-547a-43ef-88f1-7380d7c9f980', 'SOUL FACILITIES LTDA', '48.052.632/0001-25', 'NOVEMBRO', '207', '2025-11-29', 'LANÇADO', NULL, 'PAGA TOTALMENTE', 34740.00, 2025, '2025-12-26 16:52:19.817187+00', '2025-12-26 16:52:19.817187+00'),
('6db50b9f-d434-45a8-a299-6439d170a2b4', 'f2ff5c2d-547a-43ef-88f1-7380d7c9f980', 'SOUL FACILITIES LTDA', '48.052.632/0001-25', 'NOVEMBRO', '212', '2025-11-29', 'LANÇADO', NULL, 'PAGA TOTALMENTE', 23623.20, 2025, '2025-12-26 16:52:19.817187+00', '2025-12-26 16:52:19.817187+00'),
('c47c545d-64c6-4098-8212-925f1b0d5e80', '3dd08c09-9b8e-47a8-85e7-07d2abe43926', 'VALDECIR ALVES DE AMORIM-DALLAS CHURRASCARIA', '42.465.598/0001-34', 'NOVEMBRO', '231', '2025-11-30', 'LANÇADO', NULL, 'PAGA TOTALMENTE', 60369.00, 2025, '2025-12-26 16:52:19.817187+00', '2025-12-26 16:52:19.817187+00'),
('0c158484-150a-44ff-8a71-18a0f573e677', '49b8c1d3-bf6d-45e9-bb6e-a7d33cca3c91', 'LABORATORIO VILLAC', '49.170.480/0001-28', 'NOVEMBRO', '136', '2025-12-06', 'LANÇADO', NULL, 'PAGA TOTALMENTE', 64000.00, 2025, '2025-12-26 16:52:19.817187+00', '2025-12-26 16:52:19.817187+00'),
('15de6c1c-c220-471c-aa3c-c45e06ee54d1', 'dc71b337-39f6-42b6-a317-23beadd7e681', 'QUALIDADEMAIS – L A FIGUEIROA TREINAMENTO E DESENVOLVIMENTO LTDA', '22.869.475/0001-51', 'NOVEMBRO', '391', '2025-12-06', 'LANÇADO', NULL, 'PAGA TOTALMENTE', 4500.00, 2025, '2025-12-26 16:52:19.817187+00', '2025-12-26 16:52:19.817187+00'),
('90427384-f430-4e51-9938-11615f7ab101', 'e19f616f-04ed-44cd-839e-1d66dd278a72', 'APPOLUS TECNOLOGIA LTDA', '08.109.994/0001-90', 'NOVEMBRO', '22.253', '2025-11-29', 'LANÇADO', NULL, 'PAGA TOTALMENTE', 9000.00, 2025, '2025-12-26 16:52:19.817187+00', '2025-12-26 16:52:19.817187+00'),
('d775afd3-9f6d-47da-8ae4-fe7038e86518', '0c6ffd52-17f6-4809-9ffb-20bb468b6168', 'Ambientec Soluções em Resíduos Ltda - EPP', '11.399.773/0001-09', 'NOVEMBRO', '202.968', '2025-12-06', 'LANÇADO', NULL, 'PAGA TOTALMENTE', 1407.23, 2025, '2025-12-26 16:52:19.817187+00', '2025-12-26 16:52:19.817187+00'),
('70e81133-c34c-4419-b563-5726837bf723', '107065fa-5a7d-4e1f-845b-d4a22aa10b15', '62.014.384 YASMIN SILVA FERNANDES', '62.014.384/0001-59', 'NOVEMBRO', '6', '2025-12-02', 'LANÇADO', NULL, 'PAGA TOTALMENTE', 3500.00, 2025, '2025-12-26 16:52:19.817187+00', '2025-12-26 16:52:19.817187+00'),
('a2366e37-d08a-412f-ab04-f17234e3874a', '3fb9a7db-0ae6-4ace-b557-d555dad0f27a', 'NOVA AR LTDA', '28.941.859/0001-14', 'NOVEMBRO', '545-1', '2025-12-22', 'LANÇADO', NULL, 'PAGA TOTALMENTE', 1500.00, 2025, '2025-12-26 16:52:19.817187+00', '2025-12-30 19:51:28.983479+00'),
('0dce8a2a-22f7-4c07-a91e-6c026cf7f0a9', 'bfe11a98-1aa8-4239-bded-e251772625a7', 'PRO-RAD CONSULTORES EM RADIOPROTECAO S/S LTDA', '87.389.086/0001-74', 'NOVEMBRO', '339721', '2025-12-30', 'LANÇADO', '2025-12-30', 'PAGA TOTALMENTE', 168.00, 2025, '2025-12-30 13:45:03.37583+00', '2025-12-30 19:52:00.076275+00'),
('44cb5ae4-67b0-4750-bba9-60860073d1e7', '130a4f82-2908-460e-b696-ab93405b2ade', 'MGN SERVICOS ADMINISTRATIVOS LTDA', '41.395.186/0001-02', 'NOVEMBRO', '25', '2025-12-01', 'LANÇADO', '2025-12-24', 'PAGA TOTALMENTE', 7000.00, 2025, '2025-12-26 16:52:19.817187+00', '2025-12-26 18:28:47.70113+00'),
('ed874109-8b93-42c1-8687-a0a948a3b229', '6e36b7a6-7597-4dff-89ea-9622ad22e24c', 'SIMA GESTÃO DA INFORMAÇÃO, MEMÓRIA E ARQUIVO LTDA', '13.843.472/0001-58', 'NOVEMBRO', '22', '2025-12-01', 'LANÇADO', NULL, 'PAGA TOTALMENTE', 4064.40, 2025, '2025-12-26 16:52:19.817187+00', '2025-12-26 18:30:51.520573+00'),
('1e14c8e0-bcef-4dc6-b4e1-c41e8234cf87', '61892cf7-c7e4-47ba-bbd9-162890f80c6c', 'LD MÁQUINAS COMERCIO E SERVICOS LTDA', '23.193.706/0001-12', 'NOVEMBRO', '9', '2025-12-21', 'LANÇADO', NULL, 'PAGA TOTALMENTE', 2156.54, 2025, '2025-12-26 16:52:19.817187+00', '2025-12-30 19:50:30.446004+00'),
('f5619ec6-26a6-4335-a6af-cc079baf1db3', 'c9b7f9f3-f4ef-4794-bd7b-5aa749823540', 'MR SOLUCOES E SAUDE SOCIEDADE SIMPLES UNIPESSOAL LTDA', '16.984.896/0001-20', 'NOVEMBRO', '2106', '2025-12-20', 'LANÇADO', NULL, 'PAGA TOTALMENTE', 6328.16, 2025, '2025-12-26 16:52:19.817187+00', '2025-12-29 16:17:18.398671+00'),
('2de87ab6-0b02-48b3-87d1-8cf8477fb278', 'c9b7f9f3-f4ef-4794-bd7b-5aa749823540', 'MR SOLUCOES E SAUDE SOCIEDADE SIMPLES UNIPESSOAL LTDA', '16.984.896/0001-20', 'NOVEMBRO', '2171', '2025-12-04', 'LANÇADO', NULL, 'PAGA TOTALMENTE', 1850.00, 2025, '2025-12-26 16:52:19.817187+00', '2025-12-29 16:17:41.772052+00'),
('a5b7da61-3c46-47bd-99fb-cf0bbf97c9ef', 'ab44bed6-0226-47ab-a39b-b67b03b539d5', 'SD GERADORES', '38.924.034/0001-45', 'NOVEMBRO', '131', '2025-11-29', 'LANÇADO', NULL, 'PAGA TOTALMENTE', 1250.00, 2025, '2025-12-26 16:52:19.817187+00', '2025-12-29 16:18:29.378553+00'),
('2b82c2da-91fe-4824-a174-c6c64d36b8e9', 'f2ff5c2d-547a-43ef-88f1-7380d7c9f980', 'SOUL FACILITIES LTDA', '48.052.632/0001-25', 'DEZEMBRO', '237', '2026-01-02', 'LANÇADO', '2026-01-05', 'PAGA TOTALMENTE', 34740.00, 2025, '2026-01-05 11:33:59.215587+00', '2026-01-30 11:52:12.117528+00'),
('cacebc78-5e8f-4a15-aef5-5b3343497759', '3fb9a7db-0ae6-4ace-b557-d555dad0f27a', 'NOVA AR LTDA', '28.941.859/0001-14', 'NOVEMBRO', '544', '2025-12-22', 'LANÇADO', NULL, 'PAGA TOTALMENTE', 2400.00, 2025, '2025-12-26 16:52:19.817187+00', '2025-12-30 19:51:20.099332+00'),
('f54cd392-b9af-40ec-8bc7-9e42231b2b40', '6967f5d2-31a2-4b7c-9107-5a73dc6ce4a6', 'REPROMAQ COMERCIO E SERVIÇOS', '22.527.311/0001-46', 'NOVEMBRO', 'S08404', '2025-11-08', 'LANÇADO', NULL, 'REJEITADO', 3728.00, 2025, '2025-12-26 16:52:19.817187+00', '2025-12-30 20:10:33.773864+00'),
('722cf4ab-72b6-4598-9f7d-aab35e02e394', '38017909-704c-4566-af69-1235c21bb7b8', 'INOVARE SERVIÇOS EM SAUDE', '51.379.671/0001-46', 'DEZEMBRO', '44', '2025-12-29', 'LANÇADO', '2025-12-29', 'PAGA TOTALMENTE', 7000.00, 2025, '2025-12-29 15:53:17.879938+00', '2026-01-12 19:28:37.692711+00'),
('2f0c9794-458c-4c02-9ac2-615992083b55', '66e831c5-fc4a-4abf-994d-d9f16855826c', 'ALFA E OMEGA CONTABILIDADE E ASSESSORIA LTDA', '48.690.243/0001-25', 'DEZEMBRO', '63', '2025-12-19', 'LANÇADO', '2025-12-22', 'PAGA TOTALMENTE', 5000.00, 2025, '2025-12-29 15:49:51.637922+00', '2026-01-12 19:47:55.021094+00'),
('8f24b173-78aa-46c4-810e-e039380adc3c', '4beb06c1-93fb-40e7-9381-32e5fdb200c9', 'DNV BUSINESS ASSURANCE AVALIAÇÕES E CERTIFICAÇÕES BRASIL LTDA', '00.603.542/0002-30', 'NOVEMBRO', '69928', '2025-12-30', 'LANÇADO', '2025-12-30', 'PAGA TOTALMENTE', 29157.26, 2025, '2025-12-30 19:43:22.9911+00', '2026-01-14 10:38:03.268547+00'),
('5b41a242-355e-4781-83d8-32161c1034e2', 'f2ff5c2d-547a-43ef-88f1-7380d7c9f980', 'SOUL FACILITIES LTDA', '48.052.632/0001-25', 'DEZEMBRO', '256', '2026-01-02', 'LANÇADO', '2026-01-05', 'PAGA TOTALMENTE', 23623.20, 2025, '2026-01-05 11:33:20.026416+00', '2026-01-30 11:52:17.964963+00'),
('c28ed5e8-0200-4733-b141-642dc9c32714', '654ad827-0ce9-4475-9933-cd472fc8a2a1', 'FACILITAETC CONSULTORIA EM GESTÃO', '32.316.873/0001-02', 'DEZEMBRO', '66', '2025-12-24', 'LANÇADO', '2025-12-29', 'PAGA TOTALMENTE', 7000.00, 2025, '2025-12-29 16:12:05.321022+00', '2026-01-30 11:53:03.11925+00'),
('02ffd52d-4970-414c-bf67-05171288755e', '0ceb498d-6c0b-4415-bb6f-fa9117f129fa', 'ADMINISTRA SAUDE GESTAO HOSPITALAR LTDA', '61.037.876/0001-05', 'DEZEMBRO', '13-1', '2025-12-29', 'LANÇADO', '2025-12-29', 'PAGA TOTALMENTE', 13000.00, 2025, '2025-12-29 16:41:08.397383+00', '2026-01-12 19:28:24.543105+00'),
('0266c597-d1c4-4913-8f18-9f3fc869b838', '66e831c5-fc4a-4abf-994d-d9f16855826c', 'ALFA E OMEGA CONTABILIDADE E ASSESSORIA LTDA', '48.690.243/0001-25', 'NOVEMBRO', '59', '2025-11-29', 'LANÇADO', NULL, 'PAGA TOTALMENTE', 5000.00, 2025, '2025-12-26 16:52:19.817187+00', '2026-01-12 19:47:20.795812+00'),
('ce4a8783-2ae7-4dc2-8193-5df839db38ee', 'e59bb887-03ad-46f2-92d5-2c6cfdfd055b', 'DFE SOLUCOES ADMINISTRATIVAS LTDA', '62.986.996/0001-03', 'NOVEMBRO', '4', '2025-12-05', 'LANÇADO', '2025-12-10', 'PAGA TOTALMENTE', 3000.00, 2026, '2026-01-14 10:41:15.121087+00', '2026-01-14 10:41:15.121087+00'),
('552a57bb-f19f-4a22-aa17-61086391fbad', '3d957805-7477-4e1a-a805-0cf3f4122c29', 'RODOLFO CORDEIRO DE CASTRO (CORDEIRO RESTAURANTE)', '46.346.851/0001-91', 'DEZEMBRO', '2', '2026-01-16', 'LANÇADO', '2026-01-19', 'PAGA TOTALMENTE', 56247.00, 2025, '2026-01-19 17:58:59.331959+00', '2026-01-23 17:42:35.104709+00'),
('d47ebb23-a583-43dc-8551-bf92907ff153', 'd508603a-4d8d-45cc-a16e-89a8949905f7', 'DDA DEDETIZADORES ASSOCIADOS', '18.839.280/0001-91', 'DEZEMBRO', '310', '2026-01-15', 'LANÇADO', '2026-01-15', 'PAGA TOTALMENTE', 380.00, 2025, '2026-01-15 14:05:22.068301+00', '2026-01-23 17:42:46.450694+00'),
('280f41ed-3c4b-470d-9beb-0a4a1d01eb01', 'd508603a-4d8d-45cc-a16e-89a8949905f7', 'DDA DEDETIZADORES ASSOCIADOS', '18.839.280/0001-91', 'DEZEMBRO', '311', '2026-01-09', 'LANÇADO', '2026-01-13', 'PAGA TOTALMENTE', 580.00, 2025, '2026-01-13 20:16:36.359114+00', '2026-01-23 17:42:59.087767+00'),
('105124ce-b3dc-4436-add2-8833a2250900', '49b8c1d3-bf6d-45e9-bb6e-a7d33cca3c91', 'LABORATORIO VILLAC', '49.170.480/0001-28', 'DEZEMBRO', '158', '2026-01-05', 'LANÇADO', '2026-01-13', 'PAGA TOTALMENTE', 83000.00, 2025, '2026-01-13 18:09:17.868695+00', '2026-01-23 17:43:10.730773+00'),
('6bf90239-bfc4-4f19-9cd9-251c04dcbc7b', '9ffc65df-5651-4bc7-a7ef-404800da22a8', 'MASTER CLEAN HIGIENIZACAO PROFISSIONAL LTDA', '19.297.020/0001-02', 'NOVEMBRO', '15358', '2025-12-02', 'LANÇADO', '2026-01-13', 'PAGA TOTALMENTE', 3189.46, 2025, '2026-01-13 20:55:33.833245+00', '2026-01-26 12:55:25.885108+00');

-- Import DRE Entries
-- dre_entries-export-2026-03-19_10-09-20.csv

DELETE FROM gerencia_dre_entries;

INSERT INTO gerencia_dre_entries (id, rubrica, categoria_pai, mes, ano, valor_realizado, valor_previsto, created_at, updated_at) VALUES
('d6d15941-f9d7-4969-ab65-c05e96b65d1d', 'Recursos Humanos', NULL, 'OUTUBRO', 2025, 0, 0, '2026-01-05 21:22:14.920469+00', NOW()),
('13acedc3-0cde-46fe-9d97-1ced727d3251', 'Seguro De Vida', 'Recursos Humanos', 'OUTUBRO', 2025, 0, 0, '2026-01-05 21:22:14.920469+00', NOW()),
('37a664f7-add0-4803-bf65-fd6affcb3954', 'Plano De Saude', 'Recursos Humanos', 'OUTUBRO', 2025, 0, 0, '2026-01-05 21:22:14.920469+00', NOW()),
('812a1a47-37cd-4c0d-aa98-61350686f784', 'Manutenção Gerador', 'Serviços De Terceiros', 'MAIO', 2025, 1209.67, 1275, '2025-12-26 17:08:59.935152+00', NOW()),
('327d5081-5731-4546-b856-2f81b3b64b93', 'Recursos Humanos', NULL, 'MAIO', 2025, 369669.44, 502730.22, '2025-12-26 17:08:59.935152+00', NOW()),
('e9f2c051-34de-48f3-bc3c-69e30abf1b08', 'Salarios', 'Recursos Humanos', 'MAIO', 2025, 317805.16, 367404.08, '2025-12-26 17:08:59.935152+00', NOW()),
('9e6ec1dd-eea1-4be4-8ec5-f26b5e788030', 'Fgts', 'Recursos Humanos', 'MAIO', 2025, 26079.38, 29407.97, '2025-12-26 17:08:59.935152+00', NOW()),
('25c84dc5-b3f4-4e4f-9527-5caf6183216c', 'Férias', 'Recursos Humanos', 'MAIO', 2025, 0.00, 77195.91, '2025-12-26 17:08:59.935152+00', NOW()),
('8ed81c8f-bfaa-4a2e-9131-c91850a46d99', 'Vale Alimentação', 'Recursos Humanos', 'MAIO', 2025, 11000.00, 15030.74, '2025-12-26 17:08:59.935152+00', NOW()),
('a02b4cbf-f761-482c-808f-af80cb7bb61e', 'Vale Transporte', 'Recursos Humanos', 'MAIO', 2025, 486.95, 9605.00, '2025-12-26 17:08:59.935152+00', NOW()),
('6802db5c-2dc8-4774-a34d-ff391eef2951', 'Verbas Rescisorias', 'Recursos Humanos', 'MAIO', 2025, 0.00, 729.02, '2025-12-26 17:08:59.935152+00', NOW()),
('d57ad874-1455-4ff3-b06e-7255fdcfc949', 'Seguro De Vida', 'Recursos Humanos', 'MAIO', 2025, 0.00, 1037.00, '2025-12-26 17:08:59.935152+00', NOW()),
('340b0806-7961-4cd2-aa47-bfb6b23283f6', 'Plano De Saude', 'Recursos Humanos', 'MAIO', 2025, 0.00, 195.50, '2025-12-26 17:08:59.935152+00', NOW()),
('685a08ce-bb07-4ac8-9813-d57ca416780c', 'Medicina Do Trabalho', 'Recursos Humanos', 'MAIO', 2025, 14297.95, 2125.00, '2025-12-26 17:08:59.935152+00', NOW()),
('7e12fc99-c992-4026-8c43-00fc960294d5', 'Relogio de Ponto', 'Recursos Humanos', 'MAIO', 2025, 0.00, 0.00, '2025-12-26 17:08:59.935152+00', NOW()),
('52aac0f2-7428-47f6-a8e4-eadb6ea3bd20', 'Materiais de Consumo', NULL, 'OUTUBRO', 2025, 0, 0, '2026-01-05 21:22:14.920469+00', NOW()),
('b6120dc5-a370-42fd-b497-4a733fa9094d', 'Materiais de Consumo', NULL, 'MAIO', 2025, 7967.76, 115990.15, '2025-12-26 17:08:59.935152+00', NOW()),
('c87b5be9-0520-48ff-97e2-351ab9903236', 'Material Hospitalar', 'Materiais de Consumo', 'MAIO', 2025, 0.00, 31450.00, '2025-12-26 17:08:59.935152+00', NOW()),
('b7965254-56b5-4fca-a00a-07abe05379a3', 'Material De Escritório', 'Materiais de Consumo', 'MAIO', 2025, 0.00, 9995.15, '2025-12-26 17:08:59.935152+00', NOW()),
('c5640878-51bb-4987-b7cd-85ca29501e4c', 'Material De Limpeza', 'Materiais de Consumo', 'MAIO', 2025, 0.00, 8500.00, '2025-12-26 17:08:59.935152+00', NOW()),
('d95f43b8-b6eb-4073-9535-e75f8632983d', 'Uniformes, Crachás E Epis', 'Materiais de Consumo', 'MAIO', 2025, 0.00, 4335.00, '2025-12-26 17:08:59.935152+00', NOW()),
('ba2068f8-e52b-46a1-8b38-406b2af023f5', 'Materiais De Manutenção', 'Materiais de Consumo', 'MAIO', 2025, 0.00, 6885.00, '2025-12-26 17:08:59.935152+00', NOW()),
('42c4b4e5-a59e-43c0-a5fd-c0e825f59425', 'Gêneros Alimentícios', 'Materiais de Consumo', 'MAIO', 2025, 0.00, 850.00, '2025-12-26 17:08:59.935152+00', NOW()),
('f06f0659-7b4b-41c7-9bb5-74ebdbf61286', 'Medicamentos', 'Materiais de Consumo', 'MAIO', 2025, 0.00, 46750.00, '2025-12-26 17:08:59.935152+00', NOW()),
('000b2f39-cf52-4c31-935c-d4eee521ea40', 'Gases Medicinais', 'Materiais de Consumo', 'MAIO', 2025, 7967.76, 7225.00, '2025-12-26 17:08:59.935152+00', NOW()),
('02f5102e-d855-4f91-9d9c-9462a8f34b11', 'Serviços De Terceiros', NULL, 'MAIO', 2025, 223159.81, 218818.29, '2025-12-26 17:08:59.935152+00', NOW()),
('bea7a43c-7f8f-4446-9507-0208d043804b', 'Alimentação De Pacientes', 'Serviços De Terceiros', 'MAIO', 2025, 55174.97, 47705.28, '2025-12-26 17:08:59.935152+00', NOW()),
('0a4a5042-8c7d-4f29-aecd-7f365d5c8a07', 'Coleta E Tratamento De Lixo', 'Serviços De Terceiros', 'MAIO', 2025, 1593.30, 1445.00, '2025-12-26 17:08:59.935152+00', NOW()),
('3240b671-fc86-4e3f-b43c-cb065a34cb89', 'Controle De Vetores E Pragas', 'Serviços De Terceiros', 'MAIO', 2025, 789.90, 671.50, '2025-12-26 17:08:59.935152+00', NOW()),
('fbe44d49-2ba6-4c43-9023-9e9f562e81c6', 'Exames Clínicos Laboratoriais', 'Serviços De Terceiros', 'MAIO', 2025, 73666.58, 72250.00, '2025-12-26 17:08:59.935152+00', NOW()),
('747b42f6-7412-4429-9850-c414c77979ef', 'Lavanderia E Enxoval', 'Serviços De Terceiros', 'MAIO', 2025, 13005.42, 11050.00, '2025-12-26 17:08:59.935152+00', NOW()),
('a1148423-9bf2-4867-ab89-a77d33cfbc7c', 'Manutenção De T.I.', 'Serviços De Terceiros', 'MAIO', 2025, 0.00, 308.45, '2025-12-26 17:08:59.935152+00', NOW()),
('8bd6a8df-809a-4646-8a2e-1448dd35eec2', 'Proteção Radiológica', 'Serviços De Terceiros', 'MAIO', 2025, 0.00, 722.50, '2025-12-26 17:08:59.935152+00', NOW()),
('8b8524d5-1785-4a94-9073-66d80d928e9d', 'Transporte', 'Serviços De Terceiros', 'MAIO', 2025, 0.00, 850.00, '2025-12-26 17:08:59.935152+00', NOW()),
('1cafd147-f90b-4a0b-b109-f1cdf725b6bb', 'Esterilização', 'Serviços De Terceiros', 'MAIO', 2025, 20100.22, 8500.00, '2025-12-26 17:08:59.935152+00', NOW()),
('9b0dd490-4b54-4029-96b5-b5bcebd7eb18', 'Guarda De Documentos', 'Serviços De Terceiros', 'MAIO', 2025, 2287.50, 2562.75, '2025-12-26 17:08:59.935152+00', NOW()),
('1cb9d2b1-9768-47e1-9dcb-4acd7a0973a5', 'Exames De Imagem', 'Serviços De Terceiros', 'MAIO', 2025, 1240.02, 3825.00, '2025-12-26 17:08:59.935152+00', NOW()),
('d01f7854-86b9-4fa7-bb6b-17d628c1d360', 'Softwares', 'Serviços De Terceiros', 'MAIO', 2025, 7548.34, 8372.50, '2025-12-26 17:08:59.935152+00', NOW()),
('fd8c0804-4a76-4430-8bf6-1a8c5a7f5b22', 'Manutenção Predial', 'Serviços De Terceiros', 'MAIO', 2025, 2175.00, 1848.75, '2025-12-26 17:08:59.935152+00', NOW()),
('a011df3a-b6c3-4bbf-9b95-00ae269029d1', 'Análise Da Água', 'Serviços De Terceiros', 'MAIO', 2025, 0.00, 1929.50, '2025-12-26 17:08:59.935152+00', NOW()),
('dba8efc2-f8b9-42e3-84c3-d7161af4f2b2', 'Manutenção Equipamentos Médicos', 'Serviços De Terceiros', 'MAIO', 2025, 1868.88, 5352.06, '2025-12-26 17:08:59.935152+00', NOW()),
('93df33f5-3a4d-4087-b0d3-fed548225f89', 'Coordenação Administrativa', 'Serviços De Terceiros', 'MAIO', 2025, 5241.93, 5525.00, '2025-12-26 17:08:59.935152+00', NOW()),
('30fff922-7242-43f9-b55a-1d6f23665a12', 'Gerência Geral', 'Serviços De Terceiros', 'MAIO', 2025, 7500.00, 7650.00, '2025-12-26 17:08:59.935152+00', NOW()),
('06058122-d979-4b48-b1b2-349dac7968a2', 'Comunicação Visual', 'Serviços De Terceiros', 'MAIO', 2025, 0.00, 2975.00, '2025-12-26 17:08:59.935152+00', NOW()),
('9da25772-b016-4d32-bd3f-c660ec249b6f', 'Vigilância E Portaria', 'Serviços De Terceiros', 'MAIO', 2025, 30967.75, 34000.00, '2025-12-26 17:08:59.935152+00', NOW()),
('42690eee-b6ba-4c38-9745-50581769c968', 'Manutenção Central de Vacuo', 'Serviços De Terceiros', 'MAIO', 2025, 0.00, 0.00, '2025-12-26 17:08:59.935152+00', NOW()),
('09688f2e-b0eb-4755-a7b3-28a9f3452294', 'Manutenção Climatização', 'Serviços De Terceiros', 'MAIO', 2025, 0.00, 0.00, '2025-12-26 17:08:59.935152+00', NOW()),
('28558fa8-faea-4ca5-be27-025b6d0d654a', 'Treinamentos e Capacitações', 'Serviços De Terceiros', 'MAIO', 2025, 0.00, 0.00, '2025-12-26 17:08:59.935152+00', NOW()),
('9de5cc76-db63-4c86-a99b-9a2b9f8153b1', 'Gerencia Administrativa', 'Serviços De Terceiros', 'MAIO', 2025, 0.00, 0.00, '2025-12-26 17:08:59.935152+00', NOW());
